ps2-all-images	archived	root	2025-09-14T13:06:58Z	2025-09-14T12:32:47Z	
helios-glitch-lab	active	root	2025-09-14T12:32:50Z	2025-09-14T12:32:45Z	
hg_aura	archived	root	2025-09-14T13:30:59Z	2025-09-14T12:32:45Z	
ps2-base-image	active	root	2025-09-14T12:32:48Z	2025-09-14T12:32:44Z	
ps2-homebrew-modern	archived	root	2025-09-14T13:05:37Z	2025-09-14T12:32:44Z	
ps2-homebrew-full	archived	root	2025-09-14T13:05:39Z	2025-09-14T12:32:44Z	
ps2-homebrew-starter	archived	root	2025-09-14T13:05:34Z	2025-09-14T12:32:44Z	
ps2_all	archived	root	2025-09-14T13:06:59Z	2025-09-14T12:32:44Z	
pcsx2_scaffold	archived	root	2025-09-14T13:41:20Z	2025-09-14T12:32:44Z	
hairglasses_ps2_visualizer_classic	archived	root	2025-09-14T13:07:00Z	2025-09-14T12:32:44Z	
ps2debug	archived	root	2025-09-14T13:06:55Z	2025-09-14T09:40:04Z	
aura	active	root	2025-09-03T20:50:18Z	2025-09-03T20:50:14Z	
ps2-linux-modern-starter	archived	root	2025-09-14T13:06:52Z	2025-09-03T04:24:42Z	
ps2-test-image	active	root	2025-09-03T03:16:52Z	2025-09-03T03:16:49Z	
hg_ps2_bootstrap	archived	root	2025-09-14T13:06:56Z	2025-09-03T00:35:38Z	It's like my dotfiles, except for a 25-year old game console.
hairglasses_ps2_visualizer_modern	archived	root	2025-09-14T13:07:28Z	2025-08-15T22:54:13Z	
ps2_leaked_source_code_repos	archived	root	2025-09-14T13:06:53Z	2025-08-15T22:35:53Z	
ps2_cli	active	root	2025-08-15T21:18:53Z	2025-08-15T21:18:50Z	A CLI tool for agents to build, test, and run Playstation 2 homebrew via the other repos available in the console-hax Org.
ps2-ndi	active	root	2025-08-15T21:18:33Z	2025-08-15T21:18:29Z	
retro-session-orchestrator	active	root	2025-08-13T23:37:57Z	2025-08-13T23:37:53Z	
mcp2-toolbox	active	root	2025-08-13T23:22:23Z	2025-08-13T23:22:19Z	
ps2_sdks_internal_collection	active	root	2025-08-11T12:26:49Z	2025-08-11T12:26:46Z	
gbadev-homebrew-collection	archived	fork	2025-09-14T13:26:56Z	2025-06-06T21:34:00Z	Game Boy Advance homebrew games collected as a community maintained JSON database
